Place: Havana CDP
Place: Hawk Cove city
Place: Hawkins city
Place: Hawley city
Place: Hays city
Place: Hearne city
Place: Heath city
Place: Hebbronville CDP
Place: Hebron town
Place: Hedley city
Place: Hedwig Village city
Place: Heidelberg CDP
Place: Helotes city
Place: Hemphill city
Place: Hempstead city
Place: Henderson city
Place: Henrietta city
Place: Hereford city
Place: Hermleigh CDP
Place: Hewitt city
Place: Hickory Creek town
Place: Hico city
Place: Hidalgo city
Place: Higgins city
Place: Highland Haven city
Place: Highland Park town
Place: Highlands CDP
Place: Highland Village city
Place: Hill Country Village city
Place: Hillcrest village
Place: Hillsboro city
Place: Hilltop CDP
Place: Hilshire Village city
Place: Hitchcock city
Place: Holiday Lakes town
Place: Holland town
Place: Holliday city
Place: Hollywood Park town
Place: Homestead Meadows North CDP
Place: Homestead Meadows South CDP
Place: Hondo city
Place: Honey Grove city
Place: Hooks city
Place: Horizon City city
Place: Horseshoe Bay CDP
Place: Houston city
Place: Howardwick city
Place: Howe town
Place: Hubbard city
Place: Hudson city
Place: Hudson Bend CDP
Place: Hudson Oaks city
Place: Hughes Springs city
Place: Humble city
Place: Hungerford CDP
Place: Hunters Creek Village city
Place: Huntington city
Place: Huntsville city
Place: Hurst city
Place: Hutchins city
Place: Hutto city
Place: Huxley city
Place: Idalou city
Place: Impact town
Place: Imperial CDP
Place: Indian Hills CDP
Place: Indian Lake town
Place: Industry city
Place: Inez CDP
Place: Ingleside city
Place: Ingleside on the Bay city
Place: Ingram city
Place: Iowa Colony village
Place: Iowa Park city
Place: Iraan city
Place: Iredell city
Place: Irving city
Place: Italy town
Place: Itasca city
Place: Jacinto City city
Place: Jacksboro city
Place: Jacksonville city
Place: Jamaica Beach city
Place: Jasper city
Place: Jayton city
Place: Jefferson city
Place: Jersey Village city
Place: Jewett city
Place: Joaquin city
Place: Johnson City city
Place: Jolly city
Place: Jollyville CDP
Place: Jones Creek village
Place: Jonestown city
Place: Josephine city
Place: Joshua city
Place: Jourdanton city
Place: Junction city
Place: Justin city
Place: Karnes City city
Place: Katy city
Place: Kaufman city
Place: K-Bar Ranch CDP
Place: Keene city
Place: Keller city
Place: Kemah city
Place: Kemp town
Place: Kempner city
Place: Kendleton city
Place: Kenedy city
Place: Kenefick town
Place: Kennard city
Place: Kennedale city
Place: Kerens city
Place: Kermit city
Place: Kerrville city
Place: Kilgore city
Place: Killeen city
Place: Kingsbury CDP
Place: Kingsland CDP
Place: Kingsville city
Place: Kirby city
Place: Kirbyville city
Place: Kirvin town
Place: Knippa CDP
Place: Knollwood village
Place: Knox City town
Place: Kosse town
Place: Kountze city
Place: Kress city
Place: Krugerville city
Place: Krum city
Place: Kyle city
Place: La Blanca CDP
Place: La Casita-Garciasville CDP
Place: Lackland AFB CDP
Place: LaCoste city
Place: Lacy-Lakeview city
Place: Ladonia town
Place: La Feria city
Place: La Feria North CDP
Place: Lago CDP
Place: Lago Vista city
Place: La Grange city
Place: La Grulla city
Place: Laguna Heights CDP
Place: Laguna Seca CDP
Place: Laguna Vista town
Place: La Homa CDP
Place: La Joya city
Place: Lake Bridgeport city
Place: Lake Brownwood CDP
Place: Lake City town
Place: Lake Dallas city
Place: Lakehills CDP
Place: Lake Jackson city
Place: Lake Kiowa CDP
Place: Lakeport city
Place: Lakeshore Gardens-Hidden Acres CDP
Place: Lakeside town
Place: Lakeside town
Place: Lakeside City town
Place: Lake Tanglewood village
Place: Lakeview town
Place: Lake View CDP
Place: Lakeway city
Place: Lakewood Village city
Place: Lake Worth city
Place: La Marque city
Place: Lamesa city
Place: Lampasas city
Place: Lancaster city
Place: La Paloma CDP
Place: La Paloma-Lost Creek CDP
Place: La Porte city
Place: La Presa CDP
Place: La Pryor CDP
Place: La Puerta CDP
Place: Laredo city
Place: Laredo Ranchettes CDP
Place: Larga Vista CDP
Place: La Rosita CDP
Place: Lasana CDP
Place: Lasara CDP
Place: Las Colonias CDP
Place: Las Lomas CDP
Place: Las Lomitas CDP
Place: Las Palmas-Juarez CDP
Place: Las Quintas Fronterizas CDP
Place: Latexo city
Place: Laughlin AFB CDP
Place: Laureles CDP
Place: La Vernia city
Place: La Victoria CDP
Place: La Villa city
Place: Lavon town
Place: La Ward city
Place: Lawn town
Place: League City city
Place: Leakey city
Place: Leander city
Place: Leary city
Place: Lefors town
Place: Leona city
Place: Leonard city
Place: Leon Valley city
Place: Leroy city
Place: Levelland city
Place: Lewisville city
Place: Lexington town
Place: Liberty city
Place: Liberty City CDP
Place: Liberty Hill city
Place: Lincoln Park town
Place: Lindale town
Place: Linden city
Place: Lindsay town
Place: Lindsay CDP
Place: Lipan city
Place: Lipscomb CDP
Place: Little Elm town
Place: Littlefield city
Place: Little River-Academy city
Place: Live Oak city
Place: Liverpool city
Place: Livingston town
Place: Llano city
Place: Llano Grande CDP
Place: Lockhart city
Place: Lockney town
Place: Log Cabin city
Place: Lolita CDP
Place: Loma Linda East CDP
Place: Lometa city
Place: Lone Oak town
Place: Lone Star city
Place: Longview city
Place: Lopeno CDP
Place: Lopezville CDP
Place: Loraine town
Place: Lorena city
Place: Lorenzo city
Place: Los Alvarez CDP
Place: Los Angeles Subdivision CDP
Place: Los Ebanos CDP
Place: Los Fresnos city
Place: Los Indios town
Place: Lost Creek CDP
Place: Los Villareales CDP
Place: Los Ybanez city
Place: Lott city
Place: Louise CDP
Place: Lovelady city
Place: Lowry Crossing city
Place: Lozano CDP
Place: Lubbock city
Place: Lucas city
Place: Lueders city
Place: Lufkin city
Place: Luling city
Place: Lumberton city
Place: Lyford city
Place: Lyford South CDP
Place: Lytle city
Place: Mabank town
Place: McAllen city
Place: McCamey city
Place: McGregor city
Place: McKinney city
Place: McLean town
Place: McLendon-Chisholm city
Place: McQueeney CDP
Place: Madisonville city
Place: Magnolia city
Place: Malakoff city
Place: Malone town
Place: Manor city
Place: Mansfield city
Place: Manvel city
Place: Marathon CDP
Place: Marble Falls city
Place: Marfa city
Place: Marietta town
Place: Marion city
Place: Markham CDP
Place: Marlin city
Place: Marquez city
Place: Marshall city
Place: Marshall Creek town
Place: Mart city
Place: Martindale city
Place: Mason city
Place: Matador town
Place: Mathis city
Place: Maud city
Place: Mauriceville CDP
Place: Maypearl city
Place: Meadow town
Place: Meadowlakes city
Place: Meadows Place city
Place: Medina CDP
Place: Megargel town
Place: Melissa city
Place: Melvin town
Place: Memphis city
Place: Menard city
Place: Mercedes city
Place: Meridian city
Place: Merkel town
Place: Mertens town
Place: Mertzon city
Place: Mesquite city
Place: Mexia city
Place: Miami city
Place: Midland city
Place: Midlothian city
Place: Midway city
Place: Midway North CDP
Place: Midway South CDP
Place: Mila Doce CDP
Place: Milam CDP
Place: Milano city
Place: Mildred town
Place: Miles city
Place: Milford town
Place: Miller's Cove town
Place: Millican town
Place: Millsap town
Place: Mineola city
Place: Mineral Wells city
Place: Mingus city
Place: Mirando City CDP
Place: Mission city
Place: Mission Bend CDP
Place: Missouri City city
Place: Mobeetie city
Place: Mobile City city
Place: Monahans city
Place: Mont Belvieu city
Place: Monte Alto CDP
Place: Montgomery city
Place: Moody city
Place: Moore CDP
Place: Moore Station city
Place: Morales-Sanchez CDP
Place: Moran city
Place: Morgan city
Place: Morgan Farm Area CDP
Place: Morgan's Point city
Place: Morgan's Point Resort city
Place: Morning Glory CDP
Place: Morse CDP
Place: Morton city
Place: Moulton town
Place: Mountain City city
Place: Mount Calm city
Place: Mount Enterprise city
Place: Mount Pleasant city
Place: Mount Vernon town
Place: Muenster city
Place: Muleshoe city
Place: Mullin town
Place: Munday city
Place: Muniz CDP
Place: Murchison city
Place: Murphy city
Place: Mustang town
Place: Mustang Ridge city
Place: Nacogdoches city
Place: Naples city
Place: Nash city
Place: Nassau Bay city
Place: Natalia city
Place: Navarro town
Place: Navasota city
Place: Nazareth city
Place: Nederland city
Place: Needville city
Place: Nesbitt town
Place: Nevada city
Place: Newark city
Place: New Berlin city
Place: New Boston city
Place: New Braunfels city
Place: Newcastle city
Place: New Chapel Hill city
Place: New Deal town
Place: New Fairview city
Place: New Falcon CDP
Place: New Home city
Place: New Hope town
Place: New London city
Place: New Summerfield city
Place: New Territory CDP
Place: Newton city
Place: New Waverly city
Place: Neylandville town
Place: Niederwald town
Place: Nixon city
Place: Nocona city
Place: Nolanville city
Place: Nome city
Place: Noonday city
Place: Nordheim city
Place: Normangee town
Place: Normanna CDP
Place: North Alamo CDP
Place: North Cleveland city
Place: Northcliff CDP
Place: North Escobares CDP
Place: Northlake town
Place: North Pearsall CDP
Place: North Richland Hills city
Place: North San Pedro CDP
Place: Novice city
Place: Nurillo CDP
Place: Oak Grove town
Place: Oakhurst city
Place: Oak Leaf town
Place: Oak Point city
Place: Oak Ridge town
Place: Oak Ridge town
Place: Oak Ridge North city
Place: Oak Trail Shores CDP
Place: Oak Valley town
Place: Oakwood town
Place: O'Brien city
Place: Odem city
Place: Odessa city
Place: O'Donnell city
Place: Oglesby city
Place: Oilton CDP
Place: Old River-Winfree city
Place: Olivarez CDP
Place: Olmito CDP
Place: Olmos Park city
Place: Olney city
Place: Olton city
Place: Omaha city
Place: Onalaska city
Place: Onion Creek CDP
Place: Opdyke West town
Place: Orange city
Place: Orange Grove city
Place: Orchard city
Place: Ore City city
Place: Overton city
Place: Ovilla city
Place: Owl Ranch-Amargosa CDP
Place: Oyster Creek city
Place: Ozona CDP
Place: Paducah town
Place: Paint Rock town
Place: Palacios city
Place: Palestine city
Place: Palisades village
Place: Palmer town
Place: Palmhurst city
Place: Palm Valley city
Place: Palmview city
Place: Palmview South CDP
Place: Pampa city
Place: Panhandle town
Place: Panorama Village city
Place: Pantego town
Place: Paradise city
Place: Paris city
Place: Parker city
Place: Pasadena city
Place: Pattison city
Place: Patton Village city
Place: Pawnee CDP
Place: Payne Springs town
Place: Pearland city
Place: Pearsall city
Place: Pecan Acres CDP
Place: Pecan Gap city
Place: Pecan Grove CDP
Place: Pecan Hill city
Place: Pecan Plantation CDP
Place: Pecos city
Place: Pelican Bay city
Place: Penelope town
Place: Penitas city
Place: Pernitas Point village
Place: Perryton city
Place: Petersburg city
Place: Petrolia city
Place: Petronila city
Place: Pettus CDP
Place: Pflugerville city
Place: Pharr city
Place: Pilot Point city
Place: Pine Forest city
Place: Pinehurst CDP
Place: Pinehurst city
Place: Pine Island town
Place: Pineland city
Place: Pinewood Estates CDP
Place: Piney Point Village city
Place: Pittsburg city
Place: Plains town
Place: Plainview city
Place: Plano city
Place: Pleak village
Place: Pleasanton city
Place: Pleasant Valley town
Place: Plum Grove city
Place: Point city
Place: Point Blank city
Place: Point Comfort city
Place: Ponder town
Place: Port Aransas city
Place: Port Arthur city
Place: Porter Heights CDP
Place: Port Isabel city
Place: Portland city
Place: Port Lavaca city
Place: Port Mansfield CDP
Place: Port Neches city
Place: Post city
Place: Post Oak Bend City town
Place: Poteet city
Place: Poth town
Place: Potosi CDP
Place: Pottsboro town
Place: Powell town
Place: Poynor town
Place: Prado Verde CDP
Place: Prairie View city
Place: Premont city
Place: Presidio city
Place: Primera town
Place: Princeton city
Place: Progreso city
Place: Progreso Lakes city
Place: Prosper town
Place: Putnam town
Place: Pyote town
Place: Quail CDP
Place: Quanah city
Place: Queen City city
Place: Quemado CDP
Place: Quinlan city
Place: Quintana town
Place: Quitaque city
Place: Quitman city
Place: Radar Base CDP
Place: Ralls city
Place: Ranchette Estates CDP
Place: Ranchitos Las Lomas CDP
Place: Rancho Alegre CDP
Place: Rancho Banquete CDP
Place: Rancho Chico CDP
Place: Ranchos Penitas West CDP
Place: Rancho Viejo town
Place: Ranger city
Place: Rangerville village
Place: Rankin city
Place: Ransom Canyon town
Place: Ratamosa CDP
Place: Ravenna city
Place: Raymondville city
Place: Realitos CDP
Place: Redford CDP
Place: Red Lick city
Place: Red Oak city
Place: Redwater city
Place: Redwood CDP
Place: Reese Center CDP
Place: Refugio town
Place: Reid Hope King CDP
Place: Reklaw city
Place: Relampago CDP
Place: Rendon CDP
Place: Reno city
Place: Reno city
Place: Retreat town
Place: Rhome city
Place: Rice city
Place: Richardson city
Place: Richland town
Place: Richland Hills city
Place: Richland Springs town
Place: Richmond city
Place: Richwood city
Place: Riesel city
Place: Rio Bravo city
Place: Rio Grande City city
Place: Rio Hondo city
Place: Rio Vista city
Place: Rising Star town
Place: River Oaks city
Place: Riverside city
Place: Roanoke city
Place: Roaring Springs town
Place: Robert Lee city
Place: Robinson city
Place: Robstown city
Place: Roby city
Place: Rochester town
Place: Rockdale city
Place: Rockport city
Place: Rocksprings town
Place: Rockwall city
Place: Rocky Mound town
Place: Rogers town
Place: Rollingwood city
Place: Roma city
Place: Roma Creek CDP
Place: Roman Forest town
Place: Ropesville city
Place: Roscoe city
Place: Rosebud city
Place: Rose City city
Place: Rose Hill Acres city
Place: Rosenberg city
Place: Rosita North CDP
Place: Rosita South CDP
Place: Ross city
Place: Rosser village
Place: Rotan city
Place: Round Mountain town
Place: Round Rock city
Place: Round Top town
Place: Rowlett city
Place: Roxton city
Place: Royse City city
Place: Rule town
Place: Runaway Bay city
Place: Runge town
Place: Rusk city
Place: Sabinal city
Place: Sachse city
Place: Sadler city
Place: Saginaw city
Place: St. Hedwig town
Place: St. Jo city
Place: St. Paul town
Place: St. Paul CDP
Place: Salado CDP
Place: Salineno CDP
Place: Samnorwood CDP
Place: San Angelo city
Place: San Antonio city
Place: San Augustine town
Place: San Benito city
Place: San Carlos CDP
Place: Sanctuary town
Place: Sanderson CDP
Place: Sandia CDP
Place: San Diego city
Place: Sandy Hollow-Escondidas CDP
Place: San Elizario CDP
Place: San Felipe town
Place: Sanford town
Place: Sanger city
Place: San Ignacio CDP
Place: San Isidro CDP
Place: San Juan city
Place: San Leanna village
Place: San Leon CDP
Place: San Manuel-Linn CDP
Place: San Marcos city
Place: San Patricio city
Place: San Pedro CDP
Place: San Perlita city
Place: San Saba town
Place: Sansom Park city
Place: Santa Anna town
Place: Santa Clara city
Place: Santa Cruz CDP
Place: Santa Fe city
Place: Santa Maria CDP
Place: Santa Monica CDP
Place: Santa Rosa town
Place: Savoy city
Place: Scenic Oaks CDP
Place: Schertz city
Place: Schulenburg city
Place: Scissors CDP
Place: Scotland city
Place: Scottsville city
Place: Seabrook city
Place: Seadrift city
Place: Seagoville city
Place: Seagraves city
Place: Sealy city
Place: Sebastian CDP
Place: Seguin city
Place: Selma city
Place: Seminole city
Place: Serenada CDP
Place: Seth Ward CDP
Place: Seven Oaks city
Place: Seven Points city
Place: Seymour city
Place: Shady Hollow CDP
Place: Shady Shores town
Place: Shallowater city
Place: Shamrock city
Place: Shavano Park city
Place: Sheldon CDP
Place: Shenandoah city
Place: Shepherd city
Place: Sherman city
Place: Shiner city
Place: Shoreacres city
Place: Sienna Plantation CDP
Place: Sierra Blanca CDP
Place: Siesta Shores CDP
Place: Silsbee city
Place: Silverton city
Place: Simonton city
Place: Sinton city
Place: Skellytown town
Place: Skidmore CDP
Place: Slaton city
Place: Smiley city
Place: Smithville city
Place: Smyer town
Place: Snook city
Place: Snyder city
Place: Socorro city
Place: Solis CDP
Place: Somerset city
Place: Somerville city
Place: Sonora city
Place: Sour Lake city
Place: South Alamo CDP
Place: South Fork Estates CDP
Place: South Houston city
Place: Southlake city
Place: Southmayd city
Place: South Mountain town
Place: South Padre Island town
Place: South Point CDP
Place: Southside Place city
Place: South Toledo Bend CDP
Place: Spade CDP
Place: Sparks CDP
Place: Spearman city
Place: Splendora city
Place: Spofford city
Place: Spring CDP
Place: Spring Garden-Terra Verde CDP
Place: Springlake town
Place: Springtown city
Place: Spring Valley city
Place: Spur city
Place: Stafford city
Place: Stagecoach town
Place: Stamford city
Place: Stanton city
Place: Star Harbor city
Place: Stephenville city
Place: Sterling City city
Place: Stinnett city
Place: Stockdale city
Place: Stonewall CDP
Place: Stowell CDP
Place: Stratford city
Place: Strawn city
Place: Streetman town
Place: Study Butte-Terlingua CDP
Place: Sudan city
Place: Sugar Land city
Place: Sullivan City city
Place: Sulphur Springs city
Place: Sundown city
Place: Sunnyvale town
Place: Sunray city
Place: Sunrise Beach Village city
Place: Sunset city
Place: Sunset Valley city
Place: Sun Valley city
Place: Surfside Beach city
Place: Sweeny city
Place: Sweetwater city
Place: Taft city
Place: Taft Southwest CDP
Place: Tahoka city
Place: Talco city
Place: Talty city
Place: Tatum city
Place: Taylor city
Place: Taylor Lake Village city
Place: Teague city
Place: Tehuacana town
Place: Temple city
Place: Tenaha town
Place: Terrell city
Place: Terrell Hills city
Place: Texarkana city
Place: Texas City city
Place: Texhoma city
Place: Texline town
Place: The Colony city
Place: The Hills village
Place: The Woodlands CDP
Place: Thompsons town
Place: Thorndale city
Place: Thornton town
Place: Thorntonville town
Place: Thrall city
Place: Three Rivers city
Place: Throckmorton town
Place: Tierra Bonita CDP
Place: Tierra Grande CDP
Place: Tiki Island village
Place: Timbercreek Canyon village
Place: Timberwood Park CDP
Place: Timpson city
Place: Tioga town
Place: Tira town
Place: Toco city
Place: Todd Mission city
Place: Tolar city
Place: Tomball city
Place: Tom Bean city
Place: Tool city
Place: Tornillo CDP
Place: Toyah town
Place: Tradewinds CDP
Place: Trent town
Place: Trenton city
Place: Trinidad city
Place: Trinity city
Place: Trophy Club town
Place: Troup city
Place: Troy city
Place: Tuleta CDP
Place: Tulia city
Place: Tulsita CDP
Place: Turkey city
Place: Tuscola city
Place: Tye city
Place: Tyler city
Place: Tynan CDP
Place: Uhland city
Place: Uncertain city
Place: Union Grove city
Place: Universal City city
Place: University Park city
Place: Utopia CDP
Place: Uvalde city
Place: Uvalde Estates CDP
Place: Valentine town
Place: Valley Mills city
Place: Valley View town
Place: Val Verde Park CDP
Place: Van city
Place: Van Alstyne city
Place: Vanderbilt CDP
Place: Van Horn town
Place: Van Vleck CDP
Place: Vega city
Place: Venus town
Place: Vernon city
Place: Victoria city
Place: Vidor city
Place: Villa del Sol CDP
Place: Villa Pancho CDP
Place: Villa Verde CDP
Place: Vinton village
Place: Waco city
Place: Waelder city
Place: Wake Village city
Place: Waller city
Place: Wallis city
Place: Walnut Springs city
Place: Warren City city
Place: Waskom city
Place: Watauga city
Place: Waxahachie city
Place: Weatherford city
Place: Webster city
Place: Weimar city
Place: Weinert city
Place: Weir city
Place: Wellington city
Place: Wellman city
Place: Wells town
Place: Wells Branch CDP
Place: Weslaco city
Place: West city
Place: Westbrook city
Place: West Columbia city
Place: Westdale CDP
Place: Westlake town
Place: West Lake Hills city
Place: West Livingston CDP
Place: Westminster city
Place: West Odessa CDP
Place: Weston city
Place: West Orange city
Place: Westover Hills town
Place: West Pearsall CDP
Place: West Sharyland CDP
Place: West Tawakoni town
Place: West University Place city
Place: Westway CDP
Place: Westworth Village city
Place: Wharton city
Place: Wheeler city
Place: White Deer town
Place: Whiteface town
Place: Whitehouse city
Place: White Oak city
Place: Whitesboro city
Place: White Settlement city
Place: Whitewright town
Place: Whitney town
Place: Wichita Falls city
Place: Wickett town
Place: Wild Peach Village CDP
Place: Willamar CDP
Place: Willis city
Place: Willow Park city
Place: Wills Point city
Place: Wilmer city
Place: Wilson city
Place: Wimberley CDP
Place: Windcrest city
Place: Windemere CDP
Place: Windom town
Place: Windthorst town
Place: Winfield city
Place: Wink city
Place: Winnie CDP
Place: Winnsboro city
Place: Winona town
Place: Winters city
Place: Wixon Valley city
Place: Wolfe City city
Place: Wolfforth city
Place: Woodbranch city
Place: Woodcreek city
Place: Woodloch town
Place: Woodsboro town
Place: Woodson town
Place: Woodville town
Place: Woodway city
Place: Wortham town
Place: Wyldwood CDP
Place: Wylie city
Place: Yantis town
Place: Yoakum city
Place: Yorktown city
Place: Yznaga CDP
Place: Zapata CDP
Place: Zapata Ranch CDP
Place: Zavalla city
Place: Zuehl CDP
Place: Alpine city
Place: Alta town
Place: Altamont town
Place: Alton town
Place: Amalga town
Place: American Fork city
Place: Aneth CDP
Place: Annabella town
Place: Antimony town
Place: Aurora city
Place: Avon CDP
Place: Ballard town
Place: Bear River City town
Place: Beaver city
Place: Benjamin CDP
Place: Benson CDP
Place: Bicknell town
Place: Big Water town
Place: Blanding city
Place: Bluff CDP
Place: Bluffdale city
Place: Boulder town
Place: Bountiful city
Place: Brian Head town
Place: Brigham City city
Place: Cache CDP
Place: Cannonville town
Place: Canyon Rim CDP
Place: Castle Dale city
Place: Castle Valley town
Place: Cedar City city
Place: Cedar Fort town
Place: Cedar Hills town
Place: Centerfield town
Place: Centerville city
Place: Charleston town
Place: Circleville town
Place: Clarkston town
Place: Clawson town
Place: Clearfield city
Place: Cleveland town
Place: Clinton city
Place: Coalville city
Place: Corinne city
Place: Cornish town
Place: Cottonwood Heights CDP
Place: Cottonwood West CDP
Place: Cove CDP
Place: Daniel CDP
Place: Delta city
Place: Deweyville town
Place: Draper city
Place: Duchesne city
Place: Dugway CDP
Place: Eagle Mountain town
Place: East Carbon city
Place: East Millcreek CDP
Place: Elberta CDP
Place: Elk Ridge town
Place: Elmo town
Place: Elsinore town
Place: Elwood town
Place: Emery town
Place: Enoch city
Place: Enterprise city
Place: Ephraim city
Place: Erda CDP
Place: Escalante city
Place: Eureka city
Place: Fairview city
Place: Farmington city
Place: Farr West city
Place: Fayette town
Place: Ferron city
Place: Fielding town
Place: Fillmore city
Place: Fort Duchesne CDP
Place: Fountain Green city
Place: Francis town
Place: Fruit Heights city
Place: Garden CDP
Place: Garden City town
Place: Garland city
Place: Genola town
Place: Glendale town
Place: Glenwood town
Place: Goshen town
Place: Granite CDP
Place: Grantsville city
Place: Green River city
Place: Gunnison city
Place: Halchita CDP
Place: Halls Crossing CDP
Place: Harrisville city
Place: Hatch town
Place: Heber city
Place: Helper city
Place: Henefer town
Place: Henrieville town
Place: Herriman town
Place: Highland city
Place: Hildale city
Place: Hinckley town
Place: Holden town
Place: Holladay city
Place: Honeyville city
Place: Hooper CDP
Place: Howell town
Place: Huntington city
Place: Huntsville town
Place: Hurricane city
Place: Hyde Park city
Place: Hyrum city
Place: Ivins town
Place: Joseph town
Place: Junction town
Place: Kamas city
Place: Kanab city
Place: Kanarraville town
Place: Kanosh town
Place: Kaysville city
Place: Kearns CDP
Place: Kingston town
Place: Koosharem town
Place: Lake Shore CDP
Place: Laketown town
Place: La Sal CDP
Place: La Verkin city
Place: Layton city
Place: Leamington town
Place: Leeds town
Place: Lehi city
Place: Levan town
Place: Lewiston city
Place: Lindon city
Place: Little Cottonwood Creek Valley CDP
Place: Loa town
Place: Logan city
Place: Lyman town
Place: Lynndyl town
Place: Maeser CDP
Place: Magna CDP
Place: Manila town
Place: Manti city
Place: Mantua town
Place: Mapleton city
Place: Marriott-Slaterville city
Place: Marysvale town
Place: Mayfield town
Place: Meadow town
Place: Mendon city
Place: Mexican Hat CDP
Place: Midvale city
Place: Midway city
Place: Milford city
Place: Millcreek CDP
Place: Millville city
Place: Minersville town
Place: Moab city
Place: Mona town
Place: Monroe city
Place: Montezuma Creek CDP
Place: Monticello city
Place: Morgan city
Place: Moroni city
Place: Mount Olympus CDP
Place: Mount Pleasant city
Place: Murray city
Place: Myton city
Place: Naples city
Place: Navajo Mountain CDP
Place: Neola CDP
Place: Nephi city
Place: New Harmony town
Place: Newton town
Place: Nibley city
Place: North Logan city
Place: North Ogden city
Place: North Salt Lake city
Place: North Snyderville Basin CDP
Place: Oak City town
Place: Oakley city
Place: Ogden city
Place: Oljato-Monument Valley CDP
Place: Ophir town
Place: Oquirrh CDP
Place: Orangeville city
Place: Orderville town
Place: Orem city
Place: Palmyra CDP
Place: Panguitch city
Place: Paradise town
Place: Paragonah town
Place: Park City city
Place: Parowan city
Place: Payson city
Place: Perry city
Place: Peter CDP
Place: Plain City city
Place: Pleasant Grove city
Place: Pleasant View city
Place: Plymouth town
Place: Portage town
Place: Price city
Place: Providence city
Place: Provo city
Place: Randlett CDP
Place: Randolph city
Place: Redmond town
Place: Richfield city
Place: Richmond city
Place: Riverdale city
Place: River Heights city
Place: Riverside CDP
Place: Riverton city
Place: Rockville town
Place: Rocky Ridge town
Place: Roosevelt city
Place: Roy city
Place: Rush Valley town
Place: St. George city
Place: Salem city
Place: Salina city
Place: Salt Lake City city
Place: Samak CDP
Place: Sandy city
Place: Santa Clara city
Place: Santaquin city
Place: Saratoga Springs town
Place: Scipio town
Place: Scofield town
Place: Sigurd town
Place: Smithfield city
Place: Snowville town
Place: South Jordan city
Place: South Ogden city
Place: South Salt Lake city
Place: South Snyderville Basin CDP
Place: South Weber city
Place: South Willard CDP
Place: Spanish Fork city
Place: Spanish Valley CDP
Place: Spring City city
Place: Springdale town
Place: Spring Lake CDP
Place: Springville city
Place: Stansbury Park CDP
Place: Sterling town
Place: Stockton town
Place: Summit Park CDP
Place: Sunnyside city
Place: Sunset city
Place: Syracuse city
Place: Tabiona town
Place: Taylorsville city
Place: Timber Lakes CDP
Place: Tooele city
Place: Toquerville town
Place: Torrey town
Place: Tremonton city
Place: Trenton town
Place: Tropic town
Place: Tselakai Dezza CDP
Place: Uintah town
Place: Vernal city
Place: Vernon town
Place: Vineyard town
Place: Virgin town
Place: Wales town
Place: Wallsburg town
Place: Washington city
Place: Washington Terrace city
Place: Wellington city
Place: Wellsville city
Place: Wendover city
Place: West Bountiful city
Place: West Haven city
Place: West Jordan city
Place: West Mountain CDP
Place: West Point city
Place: West Valley City city
Place: White City CDP
Place: White Mesa CDP
Place: Whiterocks CDP
Place: Willard city
Place: Woodland CDP
Place: Woodland Hills town
Place: Woodruff town
Place: Woods Cross city
Place: Albany village
Place: Alburg village
Place: Arlington CDP
Place: Barre city
Place: Barton village
Place: Bellows Falls village
Place: Bennington CDP
Place: Bradford village
Place: Brandon CDP
Place: Brattleboro CDP
Place: Burlington city
Place: Cabot village
Place: Cambridge village
Place: Chester-Chester Depot CDP
Place: Derby Center village
Place: Derby Line village
Place: Enosburg Falls village
Place: Essex Junction village
Place: Fair Haven CDP
Place: Graniteville-East Barre CDP
Place: Hyde Park village
Place: Island Pond CDP
Place: Jacksonville village
Place: Jeffersonville village
Place: Jericho village
Place: Johnson village
Place: Ludlow village
Place: Lyndonville village
Place: Manchester village
Place: Manchester Center CDP
Place: Marshfield village
Place: Middlebury CDP
Place: Milton village
Place: Montpelier city
Place: Morrisville village
Place: Newbury village
Place: Newfane village
Place: Newport city
Place: North Bennington village
Place: Northfield village
Place: North Troy village
Place: North Westminster village
Place: Old Bennington village
Place: Orleans village
Place: Perkinsville village
Place: Poultney village
Place: Rutland city
Place: St. Albans city
Place: St. Johnsbury CDP
Place: Saxtons River village
Place: South Barre CDP
Place: South Burlington city
Place: South Shaftsbury CDP
Place: Springfield CDP
Place: Swanton village
Place: Vergennes city
Place: Wallingford CDP
Place: Waterbury village
Place: Wells River village
Place: West Brattleboro CDP
Place: West Burke village
Place: Westminster village
Place: West Rutland CDP
Place: White River Junction CDP
Place: Wilder CDP
Place: Winooski city
Place: Woodstock village
Place: Abingdon town
Place: Accomac town
Place: Adwolf CDP
Place: Alberta town
Place: Alexandria city
Place: Altavista town
Place: Amherst town
Place: Annandale CDP
Place: Appalachia town
Place: Appomattox town
Place: Aquia Harbour CDP
Place: Arlington CDP
Place: Ashland town
Place: Atkins CDP
Place: Bailey's Crossroads CDP
Place: Bassett CDP
Place: Basye-Bryce Mountain CDP
Place: Bedford city
Place: Belle Haven town
Place: Belle Haven CDP
Place: Bellwood CDP
Place: Bensley CDP
Place: Berryville town
Place: Big Stone Gap town
Place: Blacksburg town
Place: Blackstone town
Place: Bloxom town
Place: Bluefield town
Place: Blue Ridge CDP
Place: Bon Air CDP
Place: Boones Mill town
Place: Bowling Green town
Place: Boyce town
Place: Boydton town
Place: Boykins town
Place: Branchville town
Place: Bridgewater town
Place: Bristol city
Place: Broadway town
Place: Brodnax town
Place: Brookneal town
Place: Buchanan town
Place: Buena Vista city
Place: Bull Run CDP
Place: Burke CDP
Place: Burkeville town
Place: Cana CDP
Place: Cape Charles town
Place: Capron town
Place: Castlewood CDP
Place: Cave Spring CDP
Place: Cedar Bluff town
Place: Centreville CDP
Place: Chamberlayne CDP
Place: Chantilly CDP
Place: Charlotte Court House town
Place: Charlottesville city
Place: Chase City town
Place: Chatham town
Place: Chatmoss CDP
Place: Cheriton town
Place: Chesapeake city
Place: Chester CDP
Place: Chesterfield Court House CDP
Place: Chilhowie town
Place: Chincoteague town
Place: Christiansburg town
Place: Claremont town
Place: Clarksville town
Place: Claypool Hill CDP
Place: Cleveland town
Place: Clifton town
Place: Clifton Forge city
Place: Clinchco town
Place: Clinchport town
Place: Clintwood town
Place: Cloverdale CDP
Place: Coeburn town
Place: Collinsville CDP
Place: Colonial Beach town
Place: Colonial Heights city
Place: Columbia town
Place: Courtland town
Place: Covington city
Place: Craigsville town
Place: Crewe town
Place: Crimora CDP
Place: Crozet CDP
Place: Culpeper town
Place: Dahlgren CDP
Place: Dale City CDP
Place: Daleville CDP
Place: Damascus town
Place: Danville city
Place: Dayton town
Place: Dendron town
Place: Dillwyn town
Place: Dooms CDP
Place: Drakes Branch town
Place: Dryden CDP
Place: Dublin town
Place: Duffield town
Place: Dumbarton CDP
Place: Dumfries town
Place: Dungannon town
Place: Dunn Loring CDP
Place: East Highland Park CDP
Place: Eastville town
Place: Edinburg town
Place: Elkton town
Place: Elliston-Lafayette CDP
Place: Emory-Meadow View CDP
Place: Emporia city
Place: Ettrick CDP
Place: Ewing CDP
Place: Exmore town
Place: Fairfax city
Place: Fairlawn CDP
Place: Fairview Beach CDP
Place: Falls Church city
Place: Falmouth CDP
Place: Fancy Gap CDP
Place: Farmville town
Place: Ferrum CDP
Place: Fieldale CDP
Place: Fincastle town
Place: Fishersville CDP
Place: Floyd town
Place: Forest CDP
Place: Fort Belvoir CDP
Place: Fort Chiswell CDP
Place: Fort Hunt CDP
Place: Fort Lee CDP
Place: Franconia CDP
Place: Franklin city
Place: Fredericksburg city
Place: Fries town
Place: Front Royal town
Place: Gainesville CDP
Place: Galax city
Place: Gate City town
Place: Glade Spring town
Place: Glasgow town
Place: Glen Allen CDP
Place: Glen Lyn town
Place: Gloucester Courthouse CDP
Place: Gloucester Point CDP
Place: Gordonsville town
Place: Goshen town
Place: Great Falls CDP
Place: Greenville CDP
Place: Gretna town
Place: Grottoes town
Place: Groveton CDP
Place: Grundy town
Place: Halifax town
Place: Hallwood town
Place: Hamilton town
Place: Hampden Sydney CDP
Place: Hampton city
Place: Harrisonburg city
Place: Haymarket town
Place: Haysi town
Place: Herndon town
Place: Highland Springs CDP
Place: Hillsboro town
Place: Hillsville town
Place: Hollins CDP
Place: Honaker town
Place: Hopewell city
Place: Horse Pasture CDP
Place: Huntington CDP
Place: Hurt town
Place: Hybla Valley CDP
Place: Idylwood CDP
Place: Independence town
Place: Iron Gate town
Place: Irvington town
Place: Ivor town
Place: Jarratt town
Place: Jefferson CDP
Place: Jolivue CDP
Place: Jonesville town
Place: Keller town
Place: Kenbridge town
Place: Keokee CDP
Place: Keysville town
Place: Kilmarnock town
Place: La Crosse town
Place: Lake Barcroft CDP
Place: Lake Monticello CDP
Place: Lake Ridge CDP
Place: Lakeside CDP
Place: Laurel CDP
Place: Laurel Park CDP
Place: Lawrenceville town
Place: Laymantown CDP
Place: Lebanon town
Place: Leesburg town
Place: Lexington city
Place: Lincolnia CDP
Place: Linton Hall CDP
Place: Loch Lomond CDP
Place: Lorton CDP
Place: Louisa town
Place: Lovettsville town
Place: Low Moor CDP
Place: Luray town
Place: Lynchburg city
Place: Lyndhurst CDP
Place: McKenney town
Place: McLean CDP
Place: Madison town
Place: Madison Heights CDP
Place: Manassas city
Place: Manassas Park city
Place: Mantua CDP
Place: Marion town
Place: Martinsville city
Place: Massanutten CDP
Place: Matoaca CDP
Place: Max Meadows CDP
Place: Mechanicsville CDP
Place: Melfa town
Place: Merrifield CDP
Place: Merrimac CDP
Place: Middleburg town
Place: Middletown town
Place: Mineral town
Place: Montclair CDP
Place: Monterey town
Place: Montrose CDP
Place: Montross town
Place: Mount Crawford town
Place: Mount Jackson town
Place: Mount Vernon CDP
Place: Narrows town
Place: Nassawadox town
Place: New Castle town
Place: Newington CDP
Place: New Market town
Place: Newport News city
Place: Newsoms town
Place: Nickelsville town
Place: Nokesville CDP
Place: Norfolk city
Place: North Shore CDP
Place: North Springfield CDP
Place: Norton city
Place: Oak Level CDP
Place: Oakton CDP
Place: Occoquan town
Place: Onancock town
Place: Onley town
Place: Orange town
Place: Painter town
Place: Pamplin City town
Place: Parksley town
Place: Patrick Springs CDP
Place: Pearisburg town
Place: Pembroke town
Place: Penhook CDP
Place: Pennington Gap town
Place: Petersburg city
Place: Phenix town
Place: Pimmit Hills CDP
Place: Pocahontas town
Place: Poquoson city
Place: Port Royal town
Place: Portsmouth city
Place: Pound town
Place: Pulaski town
Place: Purcellville town
Place: Quantico town
Place: Quantico Station CDP
Place: Radford city
Place: Raven CDP
Place: Remington town
Place: Reston CDP
Place: Rich Creek town
Place: Richlands town
Place: Richmond city
Place: Ridgeway town
Place: Roanoke city
Place: Rocky Mount town
Place: Rose Hill CDP
Place: Rose Hill CDP
Place: Round Hill town
Place: Rural Retreat town
Place: Rushmere CDP
Place: Rustburg CDP
Place: St. Charles town
Place: St. Paul town
Place: Salem city
Place: Saltville town
Place: Sandy Level CDP
Place: Saxis town
Place: Scottsburg town
Place: Scottsville town
Place: Selma CDP
Place: Seven Corners CDP
Place: Shawsville CDP
Place: Shenandoah town
Place: Sherando CDP
Place: Short Pump CDP
Place: Smithfield town
Place: South Boston town
Place: South Hill town
Place: Spotsylvania Courthouse CDP
Place: Springfield CDP
Place: Stanardsville town
Place: Stanley town
Place: Stanleytown CDP
Place: Staunton city
Place: Stephens City town
Place: Stony Creek town
Place: Strasburg town
Place: Stuart town
Place: Stuarts Draft CDP
Place: Sudley CDP
Place: Suffolk city
Place: Sugar Grove CDP
Place: Surry town
Place: Tangier town
Place: Tappahannock town
Place: Tazewell town
Place: The Plains town
Place: Timberlake CDP
Place: Timberville town
Place: Toms Brook town
Place: Triangle CDP
Place: Troutdale town
Place: Troutville town
Place: Tuckahoe CDP
Place: Tysons Corner CDP
Place: Union Hall CDP
Place: Urbanna town
Place: Vansant CDP
Place: Verona CDP
Place: Victoria town
Place: Vienna town
Place: Villa Heights CDP
Place: Vinton town
Place: Virgilina town
Place: Virginia Beach city
Place: Wachapreague town
Place: Wakefield town
Place: Warrenton town
Place: Warsaw town
Place: Washington town
Place: Waverly town
Place: Waynesboro city
Place: Weber City town
Place: West Gate CDP
Place: Westlake Corner CDP
Place: West Point town
Place: West Springfield CDP
Place: Weyers Cave CDP
Place: White Stone town
Place: Williamsburg city
Place: Winchester city
Place: Windsor town
Place: Wise town
Place: Wolf Trap CDP
Place: Woodbridge CDP
Place: Woodlawn CDP
Place: Woodstock town
Place: Wyndham CDP
Place: Wytheville town
Place: Yorkshire CDP
Place: Yorktown CDP
Place: Aberdeen city
Place: Aberdeen Gardens CDP
Place: Acme CDP
Place: Ahtanum CDP
Place: Airway Heights city
Place: Albion town
Place: Alderwood Manor CDP
Place: Alger CDP
Place: Algona city
Place: Allyn-Grapeview CDP
Place: Almira town
Place: Amboy CDP
Place: Ames Lake CDP
Place: Anacortes city
Place: Arlington city
Place: Arlington Heights CDP
Place: Artondale CDP
Place: Ashford CDP
Place: Asotin city
Place: Auburn city
Place: Ault Field CDP
Place: Bainbridge Island city
Place: Bangor Trident Base CDP
Place: Banks Lake South CDP
Place: Barberton CDP
Place: Baring CDP
Place: Basin City CDP
Place: Battle Ground city
Place: Bay Center CDP
Place: Bay View CDP
Place: Beaux Arts Village town
Place: Bellevue city
Place: Bell Hill CDP
Place: Bellingham city
Place: Benton City city
Place: Bickleton CDP
Place: Big Lake CDP
Place: Bingen city
Place: Birch Bay CDP
Place: Black Diamond city
Place: Blaine city
Place: Blyn CDP
Place: Bonney Lake city
Place: Bothell city
Place: Brady CDP
Place: Bremerton city
Place: Brewster city
Place: Bridgeport city
Place: Brier city
Place: Brinnon CDP
Place: Brush Prairie CDP
Place: Bryn Mawr-Skyway CDP
Place: Buckley city
Place: Bucoda town
Place: Burbank CDP
Place: Burien city
Place: Burlington city
Place: Camano CDP
Place: Camas city
Place: Carbonado town
Place: Carlsborg CDP
Place: Carnation city
Place: Carson River Valley CDP
Place: Cascade-Fairwood CDP
Place: Cascade Valley CDP
Place: Cashmere city
Place: Castle Rock city
Place: Cathan CDP
Place: Cathcart CDP
Place: Cathlamet town
Place: Centerville CDP
Place: Centralia city
Place: Central Park CDP
Place: Chehalis city
Place: Chehalis Village CDP
Place: Chelan city
Place: Cheney city
Place: Cherry Grove CDP
Place: Chewelah city
Place: Chinook CDP
Place: Clarkston city
Place: Clarkston Heights-Vineland CDP
Place: Clear Lake CDP
Place: Cle Elum city
Place: Clinton CDP
Place: Clyde Hill city
Place: Cohassett Beach CDP
Place: Colfax city
Place: College Place city
Place: Colton town
Place: Colville city
Place: Conconully town
Place: Concrete town
Place: Connell city
Place: Conway CDP
Place: Copalis Beach CDP
Place: Cosmopolis city
Place: Cottage Lake CDP
Place: Coulee City town
Place: Coulee Dam town
Place: Country Homes CDP
Place: Coupeville town
Place: Covington city
Place: Creston town
Place: Cusick town
Place: Custer CDP
Place: Dallesport CDP
Place: Darrington town
Place: Davenport city
Place: Dayton city
Place: Deer Park city
Place: Deming CDP
Place: Desert Aire CDP
Place: Des Moines city
Place: Dishman CDP
Place: Dixie CDP
Place: Dollar Corner CDP
Place: DuPont city
Place: Duvall city
Place: East Cathlamet CDP
Place: Eastgate CDP
Place: East Hill-Meridian CDP
Place: Easton CDP
Place: East Port Orchard CDP
Place: East Renton Highlands CDP
Place: East Wenatchee city
Place: East Wenatchee Bench CDP
Place: Eatonville town
Place: Echo Lake CDP
Place: Edgewood city
Place: Edison CDP
Place: Edmonds city
Place: Elbe CDP
Place: Electric City town
Place: Elk Plain CDP
Place: Ellensburg city
Place: Elma city
Place: Elmer City town
Place: Endicott town
Place: Entiat city
Place: Enumclaw city
Place: Ephrata city
Place: Erlands Point-Kitsap Lake CDP
Place: Eschbach CDP
Place: Esperance CDP
Place: Everett city
Place: Everson city
Place: Fairchild AFB CDP
Place: Fairfield town
Place: Fairwood CDP
Place: Fall City CDP
Place: Farmington town
Place: Federal Way city
Place: Felida CDP
Place: Ferndale city
Place: Fife city
Place: Finley CDP
Place: Fircrest city
Place: Five Corners CDP
Place: Fords Prairie CDP
Place: Forks city
Place: Fort Lewis CDP
Place: Fox Island CDP
Place: Frederickson CDP
Place: Freeland CDP
Place: Friday Harbor town
Place: Garfield town
Place: Garrett CDP
Place: Geneva CDP
Place: George city
Place: Gig Harbor city
Place: Glacier CDP
Place: Gleed CDP
Place: Gold Bar city
Place: Goldendale city
Place: Graham CDP
Place: Grand Coulee city
Place: Grand Mound CDP
Place: Grandview city
Place: Granger town
Place: Granite Falls city
Place: Grayland CDP
Place: Green Acres CDP
Place: Greenwater CDP
Place: Hamilton town
Place: Harrah town
Place: Harrington city
Place: Hartline town
Place: Hatton town
Place: Hazel Dell North CDP
Place: Hazel Dell South CDP
Place: Highland CDP
Place: Hobart CDP
Place: Hockinson CDP
Place: Hoquiam city
Place: Humptulips CDP
Place: Hunts Point town
Place: Ilwaco city
Place: Inchelium CDP
Place: Index town
Place: Indianola CDP
Place: Inglewood-Finn Hill CDP
Place: Ione town
Place: Issaquah city
Place: John Sam Lake CDP
Place: Jordan Road-Canyon Creek CDP
Place: Junction City CDP
Place: Kahlotus city
Place: Kalama city
Place: Kelso city
Place: Kendall CDP
Place: Kenmore city
Place: Kennewick city
Place: Kent city
Place: Kettle Falls city
Place: Kingsgate CDP
Place: Kingston CDP
Place: Kirkland city
Place: Kittitas city
Place: Klickitat CDP
Place: Krupp town
Place: La Center city
Place: Lacey city
Place: La Conner town
Place: La Crosse town
Place: Lake Bosworth CDP
Place: Lake Cavanaugh CDP
Place: Lake Forest Park city
Place: Lake Goodwin CDP
Place: Lake Ketchum CDP
Place: Lakeland North CDP
Place: Lakeland South CDP
Place: Lake McMurray CDP
Place: Lake Marcel-Stillwater CDP
Place: Lake Morton-Berrydale CDP
Place: Lake Roesiger CDP
Place: Lake Shore CDP
Place: Lake Stevens city
Place: Lakeview CDP
Place: Lakewood city
Place: Lamont town
Place: Langley city
Place: Latah town
Place: Lea Hill CDP
Place: Leavenworth city
Place: Lebam CDP
Place: Lewisville CDP
Place: Liberty Lake CDP
Place: Lind town
Place: Lochsloy CDP
Place: Long Beach city
Place: Longview city
Place: Longview Heights CDP
Place: Lyle CDP
Place: Lyman town
Place: Lynden city
Place: Lynnwood city
Place: Mabton city
Place: McChord AFB CDP
Place: McCleary city
Place: Machias CDP
Place: Malden town
Place: Malone-Porter CDP
Place: Maltby CDP
Place: Manchester CDP
Place: Mansfield town
Place: Maple Falls CDP
Place: Maple Heights-Lake Desire CDP
Place: Maple Valley city
Place: Marblemount CDP
Place: Marcus town
Place: Marietta-Alderwood CDP
Place: Markham CDP
Place: Marrowstone CDP
Place: Martha Lake CDP
Place: Maryhill CDP
Place: Marysville city
Place: Mattawa town
Place: May Creek CDP
Place: Meadow Glade CDP
Place: Medical Lake city
Place: Medina city
Place: Mercer Island city
Place: Mesa city
Place: Metaline town
Place: Metaline Falls town
Place: Midland CDP
Place: Mill Creek city
Place: Mill Plain CDP
Place: Millwood town
Place: Milton city
Place: Minnehaha CDP
Place: Mirrormont CDP
Place: Moclips CDP
Place: Monroe city
Place: Montesano city
Place: Morton city
Place: Moses Lake city
Place: Moses Lake North CDP
Place: Mossyrock city
Place: Mountlake Terrace city
Place: Mount Vernon city
Place: Mount Vista CDP
Place: Moxee city
Place: Mukilteo city
Place: Naches town
Place: Napavine city
Place: Naselle CDP
Place: Navy Yard City CDP
Place: Neah Bay CDP
Place: Neilton CDP
Place: Nespelem town
Place: Nespelem Community CDP
Place: Newcastle city
Place: Newport city
Place: Nisqually Indian Community CDP
Place: Nooksack city
Place: Normandy Park city
Place: North Bend city
Place: North Bonneville city
Place: North Creek CDP
Place: North Marysville CDP
Place: North Omak CDP
Place: Northport town
Place: North Stanwood CDP
Place: North Sultan CDP
Place: Northwest Snohomish CDP
Place: North Yelm CDP
Place: Oakesdale town
Place: Oak Harbor city
Place: Oakville city
Place: Ocean City CDP
Place: Ocean Park CDP
Place: Ocean Shores city
Place: Odessa town
Place: Okanogan city
Place: Olympia city
Place: Omak city
Place: Opportunity CDP
Place: Orchards CDP
Place: Oroville city
Place: Orting city
Place: Oso CDP
Place: Othello city
Place: Otis Orchards-East Farms CDP
Place: Oyehut-Hogans Corner CDP
Place: Pacific city
Place: Paine Field-Lake Stickney CDP
Place: Palouse city
Place: Parkland CDP
Place: Parkwood CDP
Place: Pasco city
Place: Pateros city
Place: Peaceful Valley CDP
Place: Pe Ell town
Place: Picnic Point-North Lynnwood CDP
Place: Pomeroy city
Place: Port Angeles city
Place: Port Angeles East CDP
Place: Port Hadlock-Irondale CDP
Place: Port Ludlow CDP
Place: Port Orchard city
Place: Port Townsend city
Place: Poulsbo city
Place: Prairie Ridge CDP
Place: Prescott town
Place: Priest Point CDP
Place: Prosser city
Place: Pullman city
Place: Puyallup city
Place: Quilcene CDP
Place: Quincy city
Place: Rainier town
Place: Ravensdale CDP
Place: Raymond city
Place: Reardan town
Place: Redmond city
Place: Renton city
Place: Republic city
Place: Richland city
Place: Ridgefield city
Place: Ritzville city
Place: Riverbend CDP
Place: River Road CDP
Place: Riverside town
Place: Riverton-Boulevard Park CDP
Place: Rochester CDP
Place: Rockford town
Place: Rock Island city
Place: Rockport CDP
Place: Ronald CDP
Place: Roosevelt CDP
Place: Rosalia town
Place: Roslyn city
Place: Roy city
Place: Royal City city
Place: Ruston town
Place: St. John town
Place: Salmon Creek CDP
Place: Sammamish city
Place: Satsop CDP
Place: Satus CDP
Place: SeaTac city
Place: Seattle city
Place: Seattle Hill-Silver Firs CDP
Place: Sedro-Woolley city
Place: Selah city
Place: Sequim city
Place: Shaker Church CDP
Place: Shelton city
Place: Shoreline city
Place: Silvana CDP
Place: Silverdale CDP
Place: Skokomish CDP
Place: Skykomish town
Place: Smokey Point CDP
Place: Snohomish city
Place: Snoqualmie city
Place: Snoqualmie Pass CDP
Place: Soap Lake city
Place: South Bend city
Place: South Cle Elum town
Place: South Hill CDP
Place: South Prairie town
Place: South Wenatchee CDP
Place: Spanaway CDP
Place: Spangle town
Place: Spokane city
Place: Sprague city
Place: Springdale town
Place: Stanwood city
Place: Starbuck town
Place: Startup CDP
Place: Steilacoom town
Place: Stevenson city
Place: Stimson Crossing CDP
Place: Sudden Valley CDP
Place: Sultan city
Place: Sumas city
Place: Summit CDP
Place: Summitview CDP
Place: Sumner city
Place: Sunnyside city
Place: Sunnyslope CDP
Place: Suquamish CDP
Place: Tacoma city
Place: Taholah CDP
Place: Tanglewilde-Thompson Place CDP
Place: Tanner CDP
Place: Tekoa city
Place: Tenino city
Place: Terrace Heights CDP
Place: Thorp CDP
Place: Three Lakes CDP
Place: Tieton town
Place: Tokeland CDP
Place: Toledo city
Place: Tonasket city
Place: Toppenish city
Place: Touchet CDP
Place: Town and Country CDP
Place: Tracyton CDP
Place: Trentwood CDP
Place: Trout Lake CDP
Place: Tukwila city
Place: Tulalip Bay CDP
Place: Tumwater city
Place: Twisp town
Place: Union Gap city
Place: Union Hill-Novelty Hill CDP
Place: Uniontown town
Place: University Place city
Place: Vader city
Place: Vancouver city
Place: Vantage CDP
Place: Vashon CDP
Place: Venersborg CDP
Place: Veradale CDP
Place: Verlot CDP
Place: Waitsburg city
Place: Walla Walla city
Place: Walla Walla East CDP
Place: Waller CDP
Place: Wallula CDP
Place: Walnut Grove CDP
Place: Wapato city
Place: Warden city
Place: Warm Beach CDP
Place: Washougal city
Place: Washtucna town
Place: Waterville town
Place: Waverly town
Place: Weallup Lake CDP
Place: Wenatchee city
Place: West Clarkston-Highland CDP
Place: West Lake Sammamish CDP
Place: West Lake Stevens CDP
Place: West Longview CDP
Place: West Pasco CDP
Place: Westport city
Place: West Richland city
Place: West Side Highway CDP
Place: West Valley CDP
Place: West Wenatchee CDP
Place: White Center CDP
Place: White Salmon city
Place: White Swan CDP
Place: Wilbur town
Place: Wilkeson town
Place: Wilson Creek town
Place: Winlock city
Place: Winthrop town
Place: Wishram CDP
Place: Woodinville city
Place: Woodland city
Place: Woods Creek CDP
Place: Woodway city
Place: Yacolt town
Place: Yakima city
Place: Yarrow Point town
Place: Yelm city
Place: Zillah city
Place: Addison (Webster Springs) town
Place: Albright town
Place: Alderson town
Place: Alum Creek CDP
Place: Amherstdale-Robinette CDP
Place: Anawalt town
Place: Anmoore town
Place: Ansted town
Place: Athens town
Place: Auburn town
Place: Bancroft town
Place: Barboursville village
Place: Barrackville town
Place: Bath (Berkeley Springs) town
Place: Bayard town
Place: Beaver CDP
Place: Beckley city
Place: Beech Bottom village
Place: Belington town
Place: Belle town
Place: Belmont city
Place: Benwood city
Place: Bethany town
Place: Bethlehem village
Place: Beverly town
Place: Blacksville town
Place: Blennerhassett CDP
Place: Bluefield city
Place: Boaz CDP
Place: Bolivar town
Place: Bradley CDP
Place: Bradshaw town
Place: Bramwell town
Place: Brandonville town
Place: Bridgeport city
Place: Brookhaven CDP
Place: Bruceton Mills town
Place: Buckhannon city
Place: Buffalo town
Place: Burnsville town
Place: Cairo town
Place: Camden-on-Gauley town
Place: Cameron city
Place: Capon Bridge town
Place: Carpendale town
Place: Cassville CDP
Place: Cedar Grove town
Place: Ceredo city
Place: Chapmanville town
Place: Charleston city
Place: Charles Town city
Place: Chattaroy CDP
Place: Cheat Lake CDP
Place: Chesapeake town
Place: Chester city
Place: Clarksburg city
Place: Clay town
Place: Clearview village
Place: Clendenin town
Place: Coal City CDP
Place: Coal Fork CDP
Place: Corporation of Ranson town
Place: Cowen town
Place: Crab Orchard CDP
Place: Craigsville CDP
Place: Cross Lanes CDP
Place: Culloden CDP
Place: Daniels CDP
Place: Danville town
Place: Davis town
Place: Davy town
Place: Delbarton town
Place: Despard CDP
Place: Dunbar city
Place: Durbin town
Place: East Bank town
Place: Eleanor town
Place: Elizabeth town
Place: Elk Garden town
Place: Elkins city
Place: Elkview CDP
Place: Ellenboro town
Place: Enterprise CDP
Place: Fairlea CDP
Place: Fairmont city
Place: Fairview town
Place: Falling Spring town
Place: Farmington town
Place: Fayetteville town
Place: Flatwoods town
Place: Flemington town
Place: Follansbee city
Place: Fort Ashby CDP
Place: Fort Gay town
Place: Franklin town
Place: Friendly town
Place: Gary city
Place: Gassaway town
Place: Gauley Bridge town
Place: Gilbert town
Place: Gilbert Creek CDP
Place: Glasgow town
Place: Glen Dale city
Place: Glenville town
Place: Grafton city
Place: Grantsville town
Place: Grant Town town
Place: Granville town
Place: Hambleton town
Place: Hamlin town
Place: Handley town
Place: Harman town
Place: Harpers Ferry town
Place: Harrisville town
Place: Hartford City town
Place: Harts CDP
Place: Hedgesville town
Place: Henderson town
Place: Hendricks town
Place: Hillsboro town
Place: Hinton city
Place: Holden CDP
Place: Hooverson Heights CDP
Place: Hundred town
Place: Huntington city
Place: Hurricane city
Place: Huttonsville town
Place: Iaeger town
Place: Inwood CDP
Place: Jane Lew town
Place: Jefferson town
Place: Junior town
Place: Kenova city
Place: Kermit town
Place: Keyser city
Place: Keystone city
Place: Kimball town
Place: Kingwood city
Place: Leon town
Place: Lester town
Place: Lewisburg city
Place: Littleton town
Place: Logan city
Place: Lost Creek town
Place: Lubeck CDP
Place: Lumberport town
Place: Mabscott town
Place: MacArthur CDP
Place: McMechen city
Place: Madison city
Place: Mallory CDP
Place: Man town
Place: Mannington city
Place: Marlinton town
Place: Marmet city
Place: Martinsburg city
Place: Mason town
Place: Masontown town
Place: Matewan town
Place: Matoaka town
Place: Meadow Bridge town
Place: Middlebourne town
Place: Mill Creek town
Place: Milton town
Place: Mineralwells CDP
Place: Mitchell Heights town
Place: Monongah town
Place: Montcalm CDP
Place: Montgomery city
Place: Montrose town
Place: Moorefield town
Place: Morgantown city
Place: Moundsville city
Place: Mount Gay-Shamrock CDP
Place: Mount Hope city
Place: Mullens city
Place: Newburg town
Place: New Cumberland city
Place: Newell CDP
Place: New Haven town
Place: New Martinsville city
Place: Nitro city
Place: Northfork town
Place: North Hills town
Place: Nutter Fort town
Place: Oak Hill city
Place: Oakvale town
Place: Oceana town
Place: Paden City city
Place: Parkersburg city
Place: Parsons city
Place: Paw Paw town
Place: Pax town
Place: Pea Ridge CDP
Place: Pennsboro city
Place: Petersburg city
Place: Peterstown town
Place: Philippi city
Place: Piedmont town
Place: Pinch CDP
Place: Pine Grove town
Place: Pineville town
Place: Piney View CDP
Place: Pleasant Valley city
Place: Poca town
Place: Point Pleasant city
Place: Powellton CDP
Place: Pratt town
Place: Princeton city
Place: Prosperity CDP
Place: Pullman town
Place: Quinwood town
Place: Rainelle town
Place: Ravenswood city
Place: Red Jacket CDP
Place: Reedsville town
Place: Reedy town
Place: Rhodell town
Place: Richwood city
Place: Ridgeley town
Place: Ripley city
Place: Rivesville town
Place: Romney city
Place: Ronceverte city
Place: Rowlesburg town
Place: Rupert town
Place: St. Albans city
Place: St. Marys city
Place: Salem city
Place: Sand Fork town
Place: Shady Spring CDP
Place: Shepherdstown town
Place: Shinnston city
Place: Sissonville CDP
Place: Sistersville city
Place: Smithers city
Place: Smithfield town
Place: Sophia town
Place: South Charleston city
Place: Spencer city
Place: Stanaford CDP
Place: Star City town
Place: Stonewood city
Place: Summersville town
Place: Sutton town
Place: Switzer CDP
Place: Sylvester town
Place: Teays Valley CDP
Place: Terra Alta town
Place: Thomas city
Place: Thurmond town
Place: Tornado CDP
Place: Triadelphia town
Place: Tunnelton town
Place: Union town
Place: Valley Grove village
Place: Vienna city
Place: War city
Place: Wardensville town
Place: Washington CDP
Place: Wayne town
Place: Weirton city
Place: Welch city
Place: Wellsburg city
Place: West Hamlin town
Place: West Liberty town
Place: West Logan town
Place: West Milford town
Place: Weston city
Place: Westover city
Place: West Union town
Place: Wheeling city
Place: Whitehall town
Place: White Sulphur Springs city
Place: Whitesville town
Place: Wiley Ford CDP
Place: Williamson city
Place: Williamstown city
Place: Windsor Heights village
Place: Winfield town
Place: Womelsdorf (Coalton) town
Place: Worthington town
Place: Abbotsford city
Place: Adams city
Place: Adell village
Place: Albany village
Place: Algoma city
Place: Allouez village
Place: Alma city
Place: Alma Center village
Place: Almena village
Place: Almond village
Place: Altoona city
Place: Amery city
Place: Amherst village
Place: Amherst Junction village
Place: Aniwa village
Place: Antigo city
Place: Appleton city
Place: Arcadia city
Place: Arena village
Place: Argyle village
Place: Arlington village
Place: Arpin village
Place: Ashland city
Place: Ashwaubenon village
Place: Athens village
Place: Auburndale village
Place: Augusta city
Place: Avoca village
Place: Bagley village
Place: Baldwin village
Place: Balsam Lake village
Place: Bangor village
Place: Baraboo city
Place: Barneveld village
Place: Barron city
Place: Bay City village
Place: Bayfield city
Place: Bayside village
Place: Bear Creek village
Place: Beaver Dam city
Place: Belgium village
Place: Bell Center village
Place: Belleville village
Place: Bellevue Town CDP
Place: Belmont village
Place: Beloit city
Place: Benton village
Place: Berlin city
Place: Big Bend village
Place: Big Falls village
Place: Birchwood village
Place: Birnamwood village
Place: Biron village
Place: Black Creek village
Place: Black Earth village
Place: Black River Falls city
Place: Blair city
Place: Blanchardville village
Place: Bloomer city
Place: Bloomington village
Place: Blue Mounds village
Place: Blue River village
Place: Boaz village
Place: Bohners Lake CDP
Place: Bonduel village
Place: Boscobel city
Place: Bowler village
Place: Boyceville village
Place: Boyd village
Place: Brandon village
Place: Brice Prairie CDP
Place: Brillion city
Place: Brodhead city
Place: Brokaw village
Place: Brookfield city
Place: Brooklyn village
Place: Brown Deer village
Place: Browns Lake CDP
Place: Brownsville village
Place: Browntown village
Place: Bruce village
Place: Buffalo City city
Place: Burlington city
Place: Butler village
Place: Butternut village
Place: Cadott village
Place: Cambria village
Place: Cambridge village
Place: Cameron village
Place: Campbellsport village
Place: Camp Douglas village
Place: Camp Lake CDP
Place: Cascade village
Place: Casco village
Place: Cashton village
Place: Cassville village
Place: Catawba village
Place: Cazenovia village
Place: Cecil village
Place: Cedarburg city
Place: Cedar Grove village
Place: Centuria village
Place: Chain O' Lakes-King CDP
Place: Chaseburg village
Place: Chenequa village
Place: Chetek city
Place: Chief Lake CDP
Place: Chilton city
Place: Chippewa Falls city
Place: Clayton village
Place: Clear Lake village
Place: Cleveland village
Place: Clinton village
Place: Clintonville city
Place: Clyman village
Place: Cobb village
Place: Cochrane village
Place: Colby city
Place: Coleman village
Place: Colfax village
Place: Coloma village
Place: Columbus city
Place: Combined Locks village
Place: Como CDP
Place: Conrath village
Place: Coon Valley village
Place: Cornell city
Place: Cottage Grove village
Place: Couderay village
Place: Crandon city
Place: Crivitz village
Place: Cross Plains village
Place: Cuba City city
Place: Cudahy city
Place: Cumberland city
Place: Curtiss village
Place: Dallas village
Place: Dane village
Place: Darien village
Place: Darlington city
Place: Deerfield village
Place: Deer Park village
Place: DeForest village
Place: Delafield city
Place: Delavan city
Place: Delavan Lake CDP
Place: Denmark village
Place: De Pere city
Place: De Soto village
Place: Dickeyville village
Place: Dodgeville city
Place: Dorchester village
Place: Dousman village
Place: Downing village
Place: Doylestown village
Place: Dresser village
Place: Durand city
Place: Eagle village
Place: Eagle Lake CDP
Place: Eagle River city
Place: Eastman village
Place: East Troy village
Place: Eau Claire city
Place: Eden village
Place: Edgar village
Place: Edgerton city
Place: Egg Harbor village
Place: Eland village
Place: Elderon village
Place: Eleva village
Place: Elkhart Lake village
Place: Elkhorn city
Place: Elk Mound village
Place: Ellsworth village
Place: Elm Grove village
Place: Elmwood village
Place: Elmwood Park village
Place: Elroy city
Place: Embarrass village
Place: Endeavor village
Place: Ephraim village
Place: Ettrick village
Place: Evansville city
Place: Evergreen CDP
Place: Exeland village
Place: Fairchild village
Place: Fairwater village
Place: Fall Creek village
Place: Fall River village
Place: Fennimore city
Place: Fenwood village
Place: Ferryville village
Place: Fitchburg city
Place: Fond du Lac city
Place: Fontana-on-Geneva Lake village
Place: Footville village
Place: Forestville village
Place: Fort Atkinson city
Place: Fountain City city
Place: Fox Lake city
Place: Fox Point village
Place: Francis Creek village
Place: Franklin city
Place: Franksville CDP
Place: Frederic village
Place: Fredonia village
Place: Fremont village
Place: French Island CDP
Place: Friendship village
Place: Friesland village
Place: Galesville city
Place: Gays Mills village
Place: Genoa village
Place: Genoa City village
Place: Germantown village
Place: Gillett city
Place: Gilman village
Place: Glenbeulah village
Place: Glendale city
Place: Glen Flora village
Place: Glenwood City city
Place: Grafton village
Place: Granton village
Place: Grantsburg village
Place: Gratiot village
Place: Green Bay city
Place: Greendale village
Place: Greenfield city
Place: Green Lake city
Place: Greenwood city
Place: Gresham village
Place: Hales Corners village
Place: Hammond village
Place: Hancock village
Place: Hartford city
Place: Hartland village
Place: Hatley village
Place: Haugen village
Place: Hawkins village
Place: Hayward city
Place: Hazel Green village
Place: Hebron CDP
Place: Helenville CDP
Place: Hewitt village
Place: Highland village
Place: Hilbert village
Place: Hillsboro city
Place: Hixton village
Place: Hollandale village
Place: Holmen village
Place: Horicon city
Place: Hortonville village
Place: Howard village
Place: Howards Grove village
Place: Hudson city
Place: Hurley city
Place: Hustisford village
Place: Hustler village
Place: Independence city
Place: Ingram village
Place: Iola village
Place: Iron Ridge village
Place: Ironton village
Place: Ixonia CDP
Place: Jackson village
Place: Janesville city
Place: Jefferson city
Place: Johnson Creek village
Place: Junction City village
Place: Juneau city
Place: Kaukauna city
Place: Kekoskee village
Place: Kellnersville village
Place: Kendall village
Place: Kennan village
Place: Kenosha city
Place: Keshena CDP
Place: Kewaskum village
Place: Kewaunee city
Place: Kiel city
Place: Kimberly village
Place: Kingston village
Place: Knapp village
Place: Kohler village
Place: Lac du Flambeau CDP
Place: Lac La Belle village
Place: La Crosse city
Place: Ladysmith city
Place: La Farge village
Place: Lake Delton village
Place: Lake Geneva city
Place: Lake Koshkonong CDP
Place: Lake Lac La Belle CDP
Place: Lake Mills city
Place: Lake Nebagamon village
Place: Lake Ripley CDP
Place: Lake Shangrila CDP
Place: Lake Wazeecha CDP
Place: Lake Wisconsin CDP
Place: Lake Wissota CDP
Place: Lancaster city
Place: Lannon village
Place: La Valle village
Place: Legend Lake CDP
Place: Lena village
Place: Lime Ridge village
Place: Linden village
Place: Little Chute village
Place: Little Round Lake CDP
Place: Livingston village
Place: Lodi city
Place: Loganville village
Place: Lohrville village
Place: Lomira village
Place: Lone Rock village
Place: Lowell village
Place: Loyal city
Place: Lublin village
Place: Luck village
Place: Luxemburg village
Place: Lyndon Station village
Place: Lynxville village
Place: McFarland village
Place: Madison city
Place: Maiden Rock village
Place: Manawa city
Place: Manitowoc city
Place: Maple Bluff village
Place: Marathon City village
Place: Maribel village
Place: Marinette city
Place: Marion city
Place: Markesan city
Place: Marquette village
Place: Marshall village
Place: Marshfield city
Place: Mason village
Place: Mattoon village
Place: Mauston city
Place: Mayville city
Place: Mazomanie village
Place: Medford city
Place: Mellen city
Place: Melrose village
Place: Melvina village
Place: Menasha city
Place: Menomonee Falls village
Place: Menomonie city
Place: Mequon city
Place: Merrill city
Place: Merrillan village
Place: Merrimac village
Place: Merton village
Place: Middleton city
Place: Middle Village CDP
Place: Milladore village
Place: Milltown village
Place: Milton city
Place: Milwaukee city
Place: Mineral Point city
Place: Minong village
Place: Mishicot village
Place: Mondovi city
Place: Monona city
Place: Monroe city
Place: Montello city
Place: Montfort village
Place: Monticello village
Place: Montreal city
Place: Mosinee city
Place: Mount Calvary village
Place: Mount Hope village
Place: Mount Horeb village
Place: Mount Sterling village
Place: Mukwonago village
Place: Muscoda village
Place: Muskego city
Place: Nashotah village
Place: Necedah village
Place: Neenah city
Place: Neillsville city
Place: Nekoosa city
Place: Nelson village
Place: Nelsonville village
Place: Neopit CDP
Place: Neosho village
Place: Neshkoro village
Place: New Auburn village
Place: New Berlin city
Place: Newburg village
Place: New Glarus village
Place: New Holstein city
Place: New Lisbon city
Place: New London city
Place: New Post CDP
Place: New Richmond city
Place: Niagara city
Place: Nichols village
Place: North Bay village
Place: North Fond du Lac village
Place: North Freedom village
Place: North Hudson village
Place: North Prairie village
Place: Norwalk village
Place: Oak Creek city
Place: Oakdale village
Place: Oakfield village
Place: Oconomowoc city
Place: Oconomowoc Lake village
Place: Oconto city
Place: Oconto Falls city
Place: Odanah CDP
Place: Ogdensburg village
Place: Okauchee Lake CDP
Place: Oliver village
Place: Omro city
Place: Onalaska city
Place: Oneida CDP
Place: Ontario village
Place: Oostburg village
Place: Oregon village
Place: Orfordville village
Place: Osceola village
Place: Oshkosh city
Place: Osseo city
Place: Owen city
Place: Oxford village
Place: Paddock Lake village
Place: Palmyra village
Place: Pardeeville village
Place: Park Falls city
Place: Park Ridge village
Place: Patch Grove village
Place: Pell Lake CDP
Place: Pepin village
Place: Peshtigo city
Place: Pewaukee city
Place: Pewaukee village
Place: Phillips city
Place: Pigeon Falls village
Place: Pittsville city
Place: Plain village
Place: Plainfield village
Place: Platteville city
Place: Pleasant Prairie village
Place: Plover village
Place: Plum City village
Place: Plymouth city
Place: Poplar village
Place: Portage city
Place: Port Edwards village
Place: Port Washington city
Place: Potosi village
Place: Potter village
Place: Potter Lake CDP
Place: Pound village
Place: Powers Lake CDP
Place: Poynette village
Place: Prairie du Chien city
Place: Prairie du Sac village
Place: Prairie Farm village
Place: Prentice village
Place: Prescott city
Place: Princeton city
Place: Pulaski village
Place: Racine city
Place: Radisson village
Place: Randolph village
Place: Random Lake village
Place: Readstown village
Place: Redgranite village
Place: Reedsburg city
Place: Reedsville village
Place: Reeseville village
Place: Reserve CDP
Place: Rewey village
Place: Rhinelander city
Place: Rib Lake village
Place: Rib Mountain CDP
Place: Rice Lake city
Place: Richland Center city
Place: Ridgeland village
Place: Ridgeway village
Place: Rio village
Place: Ripon city
Place: River Falls city
Place: River Hills village
Place: Roberts village
Place: Rochester village
Place: Rockdale village
Place: Rockland village
Place: Rock Springs village
Place: Rome CDP
Place: Rosendale village
Place: Rosholt village
Place: Rothschild village
Place: Rudolph village
Place: St. Cloud village
Place: St. Croix Falls city
Place: St. Francis city
Place: St. Nazianz village
Place: Sauk City village
Place: Saukville village
Place: Scandinavia village
Place: Schofield city
Place: Seymour CDP
Place: Seymour city
Place: Sharon village
Place: Shawano city
Place: Sheboygan city
Place: Sheboygan Falls city
Place: Sheldon village
Place: Shell Lake city
Place: Sherwood village
Place: Shiocton village
Place: Shorewood village
Place: Shorewood Hills village
Place: Shullsburg city
Place: Silver Lake village
Place: Siren village
Place: Sister Bay village
Place: Slinger village
Place: Soldiers Grove village
Place: Solon Springs village
Place: Somerset village
Place: South Milwaukee city
Place: South Wayne village
Place: Sparta city
Place: Spencer village
Place: Spooner city
Place: Spring Green village
Place: Spring Valley village
Place: Stanley city
Place: Star Prairie village
Place: Stetsonville village
Place: Steuben village
Place: Stevens Point city
Place: Stockbridge village
Place: Stockholm village
Place: Stoddard village
Place: Stoughton city
Place: Stratford village
Place: Strum village
Place: Sturgeon Bay city
Place: Sturtevant village
Place: Sullivan village
Place: Sun Prairie city
Place: Superior city
Place: Superior village
Place: Suring village
Place: Sussex village
Place: Tainter Lake CDP
Place: Taylor village
Place: Tennyson village
Place: Theresa village
Place: Thiensville village
Place: Thorp city
Place: Tigerton village
Place: Tomah city
Place: Tomahawk city
Place: Tony village
Place: Trempealeau village
Place: Turtle Lake village
Place: Twin Lakes village
Place: Two Rivers city
Place: Union Center village
Place: Union Grove village
Place: Unity village
Place: Valders village
Place: Verona city
Place: Vesper village
Place: Viola village
Place: Viroqua city
Place: Waldo village
Place: Wales village
Place: Walworth village
Place: Warrens village
Place: Washburn city
Place: Waterford village
Place: Waterford North CDP
Place: Waterloo city
Place: Watertown city
Place: Waukesha city
Place: Waunakee village
Place: Waupaca city
Place: Waupun city
Place: Wausau city
Place: Wausaukee village
Place: Wautoma city
Place: Wauwatosa city
Place: Wauzeka village
Place: Webster village
Place: West Allis city
Place: West Baraboo village
Place: West Bend city
Place: Westby city
Place: Westfield village
Place: West Milwaukee village
Place: Weston village
Place: West Salem village
Place: Weyauwega city
Place: Weyerhaeuser village
Place: Wheeler village
Place: Whitefish Bay village
Place: Whitehall city
Place: White Lake village
Place: Whitelaw village
Place: Whitewater city
Place: Whiting village
Place: Wild Rose village
Place: Williams Bay village
Place: Wilson village
Place: Wilton village
Place: Wind Lake CDP
Place: Wind Point village
Place: Windsor CDP
Place: Winneconne village
Place: Winter village
Place: Wisconsin Dells city
Place: Wisconsin Rapids city
Place: Withee village
Place: Wittenberg village
Place: Wonewoc village
Place: Woodman village
Place: Woodville village
Place: Wrightstown village
Place: Wyeville village
Place: Wyocena village
Place: Yuba village
Place: Zoar CDP
Place: Afton town
Place: Airport Road CDP
Place: Albany CDP
Place: Albin town
Place: Alcova CDP
Place: Alpine town
Place: Alpine Northeast CDP
Place: Alpine Northwest CDP
Place: Alta CDP
Place: Antelope Hills CDP
Place: Antelope Valley-Crestview CDP
Place: Arapahoe CDP
Place: Arrowhead Springs CDP
Place: Arvada CDP
Place: Atlantic City CDP
Place: Auburn CDP
Place: Baggs town
Place: Bairoil town
Place: Bar Nunn town
Place: Basin town
Place: Bedford CDP
Place: Bessemer Bend CDP
Place: Big Horn CDP
Place: Big Piney town
Place: Bondurant CDP
Place: Boulder CDP
Place: Boulder Flats CDP
Place: Brookhurst CDP
Place: Buffalo city
Place: Burlington town
Place: Burns town
Place: Byron town
Place: Calpet CDP
Place: Carter CDP
Place: Casper city
Place: Casper Mountain CDP
Place: Centennial CDP
Place: Cheyenne city
Place: Chugcreek CDP
Place: Chugwater town
Place: Clearmont town
Place: Clearview Acres CDP
Place: Cody city
Place: Cokeville town
Place: Cora CDP
Place: Cowley town
Place: Crowheart CDP
Place: Daniel CDP
Place: Dayton town
Place: Deaver town
Place: Diamondville town
Place: Dixon town
Place: Douglas city
Place: Dubois town
Place: East Thermopolis town
Place: Eden CDP
Place: Edgerton town
Place: Elk Mountain town
Place: Esterbrook CDP
Place: Ethete CDP
Place: Etna CDP
Place: Evanston city
Place: Evansville town
Place: Fairview CDP
Place: Farson CDP
Place: Fontenelle CDP
Place: Fort Bridger CDP
Place: Fort Laramie town
Place: Fort Washakie CDP
Place: Fox Farm-College CDP
Place: Frannie town
Place: Garland CDP
Place: Gillette city
Place: Glendo town
Place: Glenrock town
Place: Grand Encampment town
Place: Granger town
Place: Green River city
Place: Greybull town
Place: Grover CDP
Place: Guernsey town
Place: Hanna town
Place: Hartrandt CDP
Place: Hartville town
Place: Hawk Springs CDP
Place: Hill View Heights CDP
Place: Hoback CDP
Place: Homa Hills CDP
Place: Hudson town
Place: Hulett town
Place: Huntley CDP
Place: Hyattville CDP
Place: Jackson town
Place: James Town CDP
Place: Jeffrey City CDP
Place: Johnstown CDP
Place: Kaycee town
Place: Kemmerer city
Place: Kirby town
Place: La Barge town
Place: La Grange town
Place: Lakeview North CDP
Place: Lance Creek CDP
Place: Lander city
Place: Laramie city
Place: Lingle town
Place: Little America CDP
Place: Lonetree CDP
Place: Lost Springs town
Place: Lovell town
Place: Lucerne CDP
Place: Lusk town
Place: Lyman town
Place: McKinnon CDP
Place: Mc Nutt CDP
Place: Manderson town
Place: Manville town
Place: Marbleton town
Place: Meadow Acres CDP
Place: Meadow Lark Lake CDP
Place: Medicine Bow town
Place: Meeteetse town
Place: Midwest town
Place: Mills town
Place: Moorcroft town
Place: Moose Wilson Road CDP
Place: Mountain View CDP
Place: Mountain View town
Place: Newcastle city
Place: North Rock Springs CDP
Place: Oakley CDP
Place: Opal town
Place: Osage CDP
Place: Owl Creek CDP
Place: Parkman CDP
Place: Pavillion town
Place: Pine Bluffs town
Place: Pinedale town
Place: Pine Haven town
Place: Point of Rocks CDP
Place: Powder River CDP
Place: Powell city
Place: Purple Sage CDP
Place: Rafter J Ranch CDP
Place: Ralston CDP
Place: Ranchester town
Place: Ranchettes CDP
Place: Rawlins city
Place: Red Butte CDP
Place: Reliance CDP
Place: Riverside town
Place: Riverton city
Place: Robertson CDP
Place: Rock River town
Place: Rock Springs city
Place: Rolling Hills town
Place: Saratoga town
Place: Sheridan city
Place: Shoshoni town
Place: Sinclair town
Place: Slater CDP
Place: Sleepy Hollow CDP
Place: Smoot CDP
Place: South Flat CDP
Place: South Greeley CDP
Place: South Park CDP
Place: Star Valley Ranch CDP
Place: Story CDP
Place: Sundance town
Place: Superior town
Place: Sweeney Ranch CDP
Place: Table Rock CDP
Place: Taylor CDP
Place: Ten Sleep town
Place: Teton Village CDP
Place: Thayne town
Place: The Buttes CDP
Place: Thermopolis town
Place: Torrington city
Place: Turnerville CDP
Place: Upton town
Place: Van Tassell town
Place: Veteran CDP
Place: Vista West CDP
Place: Wamsutter town
Place: Warren AFB CDP
Place: Washakie Ten CDP
Place: Washam CDP
Place: West River CDP
Place: Westview Circle CDP
Place: Wheatland town
Place: Wilson CDP
Place: Winchester CDP
Place: Woods Landing-Jelm CDP
Place: Worland city
Place: Wright town
Place: Yoder town
Place: Y-O Ranch CDP
Place: Aceitunas comunidad
Place: Adjuntas zona urbana
Place: Aguada zona urbana
Place: Aguadilla zona urbana
Place: Aguas Buenas zona urbana
Place: Aguas Claras comunidad
Place: Aguilita comunidad
Place: Aibonito zona urbana
Place: Aasco zona urbana
Place: Animas comunidad
Place: Antn Ruz comunidad
Place: Arecibo zona urbana
Place: Arroyo zona urbana
Place: Bairoa comunidad
Place: Bajadero comunidad
Place: Bajandas comunidad
Place: Barahona comunidad
Place: Barceloneta zona urbana
Place: Barranquitas zona urbana
Place: Bartolo comunidad
Place: Bayamn zona urbana
Place: Bayamn comunidad
Place: Bentez comunidad
Place: Betances comunidad
Place: Boqueron comunidad
Place: Boquern comunidad
Place: Breas comunidad
Place: Buena Vista comunidad
Place: Bfalo comunidad
Place: Cabn comunidad
Place: Cabo Rojo zona urbana
Place: Cacao comunidad
Place: Caguas zona urbana
Place: Campanilla comunidad
Place: Campo Rico comunidad
Place: Camuy zona urbana
Place: Candelaria comunidad
Place: Candelaria Arenas comunidad
Place: Candelero Arriba comunidad
Place: Canvanas zona urbana
Place: Capitanejo comunidad
Place: Carolina zona urbana
Place: Carrizales comunidad
Place: Catao zona urbana
Place: Cayey zona urbana
Place: Cayuco comunidad
Place: Ceiba zona urbana
Place: Ceiba comunidad
Place: Celada comunidad
Place: Central Aguirre comunidad
Place: Ciales zona urbana
Place: Cidra zona urbana
Place: Coamo zona urbana
Place: Coco comunidad
Place: Comero zona urbana
Place: Comunas comunidad
Place: Coqu comunidad
Place: Corazn comunidad
Place: Corcovado comunidad
Place: Corozal zona urbana
Place: Coto Laurel comunidad
Place: Coto Norte comunidad
Place: Culebra zona urbana
Place: Daguao comunidad
Place: Dorado zona urbana
Place: Duque comunidad
Place: El Mang comunidad
Place: El Negro comunidad
Place: El Ojo comunidad
Place: Emajagua comunidad
Place: Esperanza comunidad
Place: Espino comunidad
Place: Fajardo zona urbana
Place: Florida zona urbana
Place: Frnquez comunidad
Place: Fuig comunidad
Place: Galateo comunidad
Place: Garrochales comunidad
Place: G. L. Garca comunidad
Place: Gunica zona urbana
Place: Guayabal comunidad
Place: Guayama zona urbana
Place: Guayanilla zona urbana
Place: Guaynabo zona urbana
Place: Gurabo zona urbana
Place: Hatillo zona urbana
Place: Hato Arriba comunidad
Place: Hato Candal comunidad
Place: Hormigueros zona urbana
Place: H. Rivera Coln comunidad
Place: Humacao zona urbana
Place: Imbry comunidad
Place: Indios comunidad
Place: Ingenio comunidad
Place: Isabela zona urbana
Place: Jagual comunidad
Place: Jauca comunidad
Place: Jayuya zona urbana
Place: Jobos comunidad
Place: Juana Daz zona urbana
Place: Juncal comunidad
Place: Juncos zona urbana
Place: La Alianza comunidad
Place: La Dolores comunidad
Place: La Fermina comunidad
Place: Lajas zona urbana
Place: La Luisa comunidad
Place: Lamboglia comunidad
Place: La Parguera comunidad
Place: La Playa comunidad
Place: La Plena comunidad
Place: Lares zona urbana
Place: Las Maras comunidad
Place: Las Maras zona urbana
Place: Las Ochenta comunidad
Place: Las Ollas comunidad
Place: Las Piedras zona urbana
Place: Levittown comunidad
Place: Liborio Negrn Torres comunidad
Place: Lluveras comunidad
Place: Loza zona urbana
Place: Lomas comunidad
Place: Los Llanos comunidad
Place: Luis Llorns Torres comunidad
Place: Luis M. Cintrn comunidad
Place: Luquillo zona urbana
Place: Luyando comunidad
Place: Magas Arriba comunidad
Place: Manat zona urbana
Place: Mara Antonia comunidad
Place: Mariano Coln comunidad
Place: Maricao zona urbana
Place: Martorell comunidad
Place: Marueo comunidad
Place: Maunabo zona urbana
Place: Mayagez zona urbana
Place: Miranda comunidad
Place: Moca zona urbana
Place: Monserrate comunidad
Place: Monte Grande comunidad
Place: Mora comunidad
Place: Morovis zona urbana
Place: Mucarabones comunidad
Place: Naguabo zona urbana
Place: Naranjito zona urbana
Place: Olimpo comunidad
Place: Orocovis zona urbana
Place: Pjaros comunidad
Place: Pajonal comunidad
Place: Palmarejo comunidad
Place: Palmarejo comunidad
Place: Palmas comunidad
Place: Palmer comunidad
Place: Palomas comunidad
Place: Palomas comunidad
Place: Palo Seco comunidad
Place: Parcelas La Milagrosa comunidad
Place: Parcelas Nuevas comunidad
Place: Parcelas Peuelas comunidad
Place: Pastos comunidad
Place: Patillas zona urbana
Place: Pea Pobre comunidad
Place: Peuelas zona urbana
Place: Piedra Gorda comunidad
Place: Playa Fortuna comunidad
Place: Playita comunidad
Place: Playita comunidad
Place: Playita Cortada comunidad
Place: Pole Ojea comunidad
Place: Ponce zona urbana
Place: Potala Pastillo comunidad
Place: Pueblito del Ro comunidad
Place: Puerto Real comunidad
Place: Punta Santiago comunidad
Place: Quebrada comunidad
Place: Quebradillas zona urbana
Place: Rafael Cap comunidad
Place: Rafael Gonzlez comunidad
Place: Rafael Hernndez comunidad
Place: Ramos comunidad
Place: Rincn zona urbana
Place: Ro Blanco comunidad
Place: Ro Caas Abajo comunidad
Place: Ro Grande zona urbana
Place: Ro Lajas comunidad
Place: Roosevelt Roads comunidad
Place: Rosa Snchez comunidad
Place: Sabana comunidad
Place: Sabana Eneas comunidad
Place: Sabana Grande zona urbana
Place: Sabana Hoyos comunidad
Place: Sabana Seca comunidad
Place: Salinas zona urbana
Place: San Antonio comunidad
Place: San Antonio comunidad
Place: San Antonio comunidad
Place: San Germn zona urbana
Place: San Isidro comunidad
Place: San Jos comunidad
Place: San Juan zona urbana
Place: San Lorenzo zona urbana
Place: San Sebastin zona urbana
Place: Santa Brbara comunidad
Place: Santa Clara comunidad
Place: Santa Isabel zona urbana
Place: Santo Domingo comunidad
Place: Stella comunidad
Place: Surez comunidad
Place: Tallaboa comunidad
Place: Tallaboa Alta comunidad
Place: Tiburones comunidad
Place: Tierras Nuevas Poniente comunidad
Place: Toa Alta zona urbana
Place: Toa Baja zona urbana
Place: Trujillo Alto zona urbana
Place: Utuado zona urbana
Place: Vzquez comunidad
Place: Vega Alta zona urbana
Place: Vega Baja zona urbana
Place: Vieques comunidad
Place: Vieques zona urbana
Place: Villalba zona urbana
Place: Yabucoa zona urbana
Place: Yauco zona urbana
Place: Yaurel comunidad